INSERT INTO ESTADO (NOME) VALUES ('São Paulo');
INSERT INTO ESTADO (NOME) VALUES ('Rio de Janeiro');
INSERT INTO ESTADO (NOME) VALUES ('Minas Gerais');

INSERT INTO CIDADE (ESTADO_ID, NOME) VALUES (1, 'São Paulo');
INSERT INTO CIDADE (ESTADO_ID, NOME) VALUES (2, 'Rio de Janeiro');
INSERT INTO CIDADE (ESTADO_ID, NOME) VALUES (3, 'Belo Horizonte');

INSERT INTO CLIENTE (TIPO, CPF_OU_CNPJ, EMAIL, NOME, SENHA, USERNAME) VALUES (1, '12345678900', 'joao@example.com', 'João da Silva', 'senha123', 'joaosilva');
INSERT INTO CLIENTE (TIPO, CPF_OU_CNPJ, EMAIL, NOME, SENHA, USERNAME) VALUES (2, '98765432100', 'maria@example.com', 'Maria Souza', 'senha456', 'mariasouza');

INSERT INTO ROLES (NAME) VALUES ('ROLE_USER');
INSERT INTO ROLES (NAME) VALUES ('ROLE_MODERATOR');
INSERT INTO ROLES (NAME) VALUES ('ROLE_ADMIN');

INSERT INTO CLIENTE_ROLES (CLIENTE_ID, ROLE_ID) VALUES (1, 1);
INSERT INTO CLIENTE_ROLES (CLIENTE_ID, ROLE_ID) VALUES (1, 2);
INSERT INTO CLIENTE_ROLES (CLIENTE_ID, ROLE_ID) VALUES (2, 1);

INSERT INTO CATEGORIA (NOME) VALUES ('Eletrônicos');
INSERT INTO CATEGORIA (NOME) VALUES ('Roupas');
INSERT INTO CATEGORIA (NOME) VALUES ('Alimentos');

INSERT INTO PRODUTO (PRECO, NOME, QUANTIDADE) VALUES (1000.00, 'Smartphone', 2);
INSERT INTO PRODUTO (PRECO, NOME, QUANTIDADE) VALUES (150.00, 'Camiseta', 2);
INSERT INTO PRODUTO (PRECO, NOME, QUANTIDADE) VALUES (10.00, 'Arroz', 2);

INSERT INTO PRODUTO_CATEGORIA (PRODUTO_ID, CATEGORIA_ID) VALUES (1, 1);
INSERT INTO PRODUTO_CATEGORIA (PRODUTO_ID, CATEGORIA_ID) VALUES (2, 2);
INSERT INTO PRODUTO_CATEGORIA (PRODUTO_ID, CATEGORIA_ID) VALUES (3, 3);

INSERT INTO ENDERECO (CIDADE_ID, CLIENTE_ID, BAIRRO, CEP, COMPLEMENTO, LOGRADOURO, NUMERO) VALUES (1, 1, 'Centro', '12345-678', 'Apto 101', 'Rua A', '123');
INSERT INTO ENDERECO (CIDADE_ID, CLIENTE_ID, BAIRRO, CEP, COMPLEMENTO, LOGRADOURO, NUMERO) VALUES (2, 2, 'Copacabana', '98765-432', 'Casa', 'Avenida B', '456');

INSERT INTO TELEFONE (CLIENTE_ID, TELEFONES) VALUES (1, '+55 11 1234-5678');
INSERT INTO TELEFONE (CLIENTE_ID, TELEFONES) VALUES (1, '+55 11 9876-5432');
INSERT INTO TELEFONE (CLIENTE_ID, TELEFONES) VALUES (2, '+55 21 5555-5555');

INSERT INTO PEDIDO (CLIENTE_ID, ENDERECO_ID, INSTANTE) VALUES (1, 1, NOW());
INSERT INTO PEDIDO (CLIENTE_ID, ENDERECO_ID, INSTANTE) VALUES (2, 2, NOW());

INSERT INTO ITEM_PEDIDO (DESCONTO, PRECO, QUANTIDADE, PEDIDO_ID, PRODUTO_ID) VALUES (0.10, 900.00, 1, 1, 1);
INSERT INTO ITEM_PEDIDO (DESCONTO, PRECO, QUANTIDADE, PEDIDO_ID, PRODUTO_ID) VALUES (0.05, 142.50, 2, 1, 2);
INSERT INTO ITEM_PEDIDO (DESCONTO, PRECO, QUANTIDADE, PEDIDO_ID, PRODUTO_ID) VALUES (0.00, 10.00, 3, 2, 3);

INSERT INTO PAGAMENTO (ESTADO, PEDIDO_ID) VALUES (1, 1);
INSERT INTO PAGAMENTO (ESTADO, PEDIDO_ID) VALUES (2, 2);

INSERT INTO PAGAMENTO_COM_BOLETO (DATA_PAGAMENTO, DATA_VENCIMENTO, PEDIDO_ID) VALUES (NOW(), DATEADD('DAY', 7, NOW()), 1);
INSERT INTO PAGAMENTO_COM_BOLETO (DATA_PAGAMENTO, DATA_VENCIMENTO, PEDIDO_ID) VALUES (NOW(), DATEADD('DAY', 10, NOW()), 2);

INSERT INTO PAGAMENTO_COM_CARTAO (NUMERO_DE_PARCELAS, NUMERO_DO_CARTAO, CVV, DATA_VALIDADE, PEDIDO_ID) VALUES (3, '1234567890123456', '123', '2024-09-01', 1);
INSERT INTO PAGAMENTO_COM_CARTAO (NUMERO_DE_PARCELAS, NUMERO_DO_CARTAO, CVV, DATA_VALIDADE, PEDIDO_ID) VALUES (2, '9876543210987654', '456', '2024-09-01', 2);

